Categoria,Fundo,Fundo_norm,Data Inicio,Cota (R$),Variacao Dia (%),Acum. Mes (%),Acum. Ano (%),Acum. 12M (%),PL (milhoes R$),Perfil,Perfis,URL,Match Asset
RENDA FIXA SIMPLES,CAIXA FIF E-SIMPLES RENDA FIXA LP RESP LTDA,CAIXA FIF E-SIMPLES RENDA FIXA LP RESP LTDA,15/10/2015,"2,31982200","0,044","0,81","7,95","12,68","402,084",PF,PF | PJ | TODOS,https://www.caixa.gov.br/fundos-investimento/renda-fixa/fi-renda-fixa-simples-lp/,Não
RENDA FIXA SIMPLES,CAIXA FIC FIF FÁCIL RF SIMPLES RESP LTDA (8),CAIXA FIC FIF FACIL RF SIMPLES RESP LTDA (8),24/02/2003,"5,63523800","0,044","0,79","7,80","12,45","6.642,712",PF,PF | PJ | TODOS,https://www.caixa.gov.br/fundos-investimento/fundo-simples/fic-facil-rf-simples,Não
RENDA FIXA SIMPLES,CAIXA FIC FIF MOVIMENTAÇÕES AUTOMÁTICAS RF SIMPLES RESP LTDA (8),CAIXA FIC FIF MOVIMENTACOES AUTOMATICAS RF SIMPLES RESP LTDA (8),13/07/2012,"2,84531700","0,044","0,79","7,79","12,44","770,691",PF,PF | PJ,https://www.caixa.gov.br/fundos-investimento/fundo-simples/fic-movimentacoes-automaticas-rf-simples/Paginas/default.aspx,Não
RENDA FIXA,CAIXA FIC FIF ABSOLUTO PRE RF LP RESP LTDA,CAIXA FIC FIF ABSOLUTO PRE RF LP RESP LTDA,03/11/1997,"20,33103000","0,041","1,02","6,07","10,85","115,061",PF,PF | PJ | TODOS,https://www.caixa.gov.br/fundos-investimento/renda-fixa/fic-absoluto-pre-rf-longo-prazo,Não
RENDA FIXA,CAIXA FIC FIF EXCLUSIVO FUNC RF CREDITO PRIVADO LP RESP LTDA,CAIXA FIC FIF EXCLUSIVO FUNC RF CREDITO PRIVADO LP RESP LTDA,20/10/2014,"3,08591100","0,059","0,97","9,19","14,69","1.705,639",PF,PF,,Não
RENDA FIXA,CAIXA MASTER PLUS FIF RF CRED PRIV LP RESP LTDA,CAIXA MASTER PLUS FIF RF CRED PRIV LP RESP LTDA,21/01/2021,"1.890,97930900","0,058","0,96","9,12","14,55","96,900",PF,PF | PJ,https://www.caixa.gov.br/fundos-investimento/renda-fixa/caixa-fic-plus-rf-credito-privado-lp/Paginas/default.aspx,Não
RENDA FIXA,CAIXA FOF Smart Debentures Incentivadas CDI RF Cred Priv LP - RL (2) (3),CAIXA FOF SMART DEBENTURES INCENTIVADAS CDI RF CRED PRIV LP - RL (2) (3),31/07/2026,-,-,-,-,-,-,PF,PF,https://www.caixa.gov.br/fundos-investimento/renda-fixa/debentures-incentivadas/caixa-smart-infraestrutura-debincentivadas-cdi-rf-cred-priv-lp-subclasse-varejo/Paginas/default.aspx,Não
RENDA FIXA,CAIXA FIC FIF E-FUNDO RF LP RESP LTDA,CAIXA FIC FIF E-FUNDO RF LP RESP LTDA,05/10/2012,"3,45144700","0,055","0,93","8,85","14,10","64,620",PF,PF | PJ | TODOS,https://www.caixa.gov.br/fundos-investimento/e-fundos/renda-fixa-longo-prazo,Não
RENDA FIXA,CAIXA FIC FIF IDEAL RF LP RESP LTDA,CAIXA FIC FIF IDEAL RF LP RESP LTDA,28/10/1992,"9,96327400","0,052","0,87","8,31","13,23","587,077",PF,PF | PJ | TODOS,https://www.caixa.gov.br/fundos-investimento/renda-fixa/fic-ideal-rf-longo-prazo,Não
RENDA FIXA,CAIXA IMPULSO SINGULAR DEB INC FIF INC INFRA RF CRÉD PRIV LP RESP LTDA - SINGULAR (2) (3),CAIXA IMPULSO SINGULAR DEB INC FIF INC INFRA RF CRED PRIV LP RESP LTDA - SINGULAR (2) (3),26/08/2026,-,-,-,-,-,-,PF,PF,,Não
RENDA FIXA,CAIXA FIC FIF CAPITAL IND PREÇOS RF LP RESP LTDA,CAIXA FIC FIF CAPITAL IND PRECOS RF LP RESP LTDA,03/01/2000,"13,76029400","-0,015","0,98","7,00","10,90","27,848",PF,PF | PJ | TODOS,https://www.caixa.gov.br/fundos-investimento/renda-fixa/fic-capital-indice-de-precos-rf-longo-prazo,Não
RENDA FIXA,CAIXA FIC FIF RELACIONAMENTO PERSONAL RF LP RESP LTDA,CAIXA FIC FIF RELACIONAMENTO PERSONAL RF LP RESP LTDA,16/04/2012,"3,58655700","0,053","0,93","8,90","14,20","121,701",PF,PF | TODOS,https://www.caixa.gov.br/fundos-investimento/renda-fixa/fic-relacionamento-personal-rf-longo-prazo,Não
RENDA FIXA,CAIXA FIC FIF GERAÇÃO JOVEM CRED PRIV RF LP RESP LTDA,CAIXA FIC FIF GERACAO JOVEM CRED PRIV RF LP RESP LTDA,26/04/2012,"3,42643300","0,057","0,93","8,74","13,95","12,247",PF,PF | PJ | TODOS,https://www.caixa.gov.br/fundos-investimento/renda-fixa/fic-geracao-jovem-rf-credito-privado-longo-prazo,Não
RENDA FIXA,CAIXA FIC FIF SOBERANO RF LP RESP LTDA,CAIXA FIC FIF SOBERANO RF LP RESP LTDA,11/03/1998,"20,73371200","0,045","0,83","8,10","12,88","59,410",PF,PF | PJ | TODOS,https://www.caixa.gov.br/fundos-investimento/renda-fixa/fic-soberano-rf-longo-prazo,Não
RENDA FIXA,CAIXA FIC FIF EMPREENDER RF LP RESP LTDA,CAIXA FIC FIF EMPREENDER RF LP RESP LTDA,26/05/1994,"47,38113800","0,052","0,87","8,28","13,19","41,264",PF,GOV | PF | PJ | TODOS,https://www.caixa.gov.br/fundos-investimento/renda-fixa/fic-empreender-rf-longo-prazo/,Não
RENDA FIXA,CAIXA FIC FIF FOCO IND PREÇOS RF LP RESP LTDA,CAIXA FIC FIF FOCO IND PRECOS RF LP RESP LTDA,19/03/2012,"3,21498100","-0,014","1,02","8,24","12,19","76,659",PF,PF | PJ | TODOS,https://www.caixa.gov.br/fundos-investimento/renda-fixa/fic-foco-indice-precos-rf-longo-prazo,Não
RENDA FIXA,CAIXA FIC FIF CLÁSSICO RF LP RESP LTDA,CAIXA FIC FIF CLASSICO RF LP RESP LTDA,24/04/1996,"15,35248600","0,052","0,88","8,34","13,28","27,996",PF,PF | TODOS,https://www.caixa.gov.br/fundos-investimento/renda-fixa/fic-classico-rf-longo-prazo,Não
RENDA FIXA,CAIXA FIC FIF DESENVOLVER RF LP RESP LTDA,CAIXA FIC FIF DESENVOLVER RF LP RESP LTDA,18/12/2012,"3,07695300","0,051","0,84","8,08","12,88","1,653",PF,PF | PJ | TODOS,https://www.caixa.gov.br/fundos-investimento/renda-fixa/fic-desenvolver-rf-longo-prazo/,Não
RENDA FIXA,CAIXA FIC FIF OAB RF CRÉD PRIV LP RESP LTDA,CAIXA FIC FIF OAB RF CRED PRIV LP RESP LTDA,23/09/2014,"3,12945400","0,058","0,96","9,18","14,65","1.809,893",PF,PF | PJ | TODOS,https://www.caixa.gov.br/fundos-investimento/renda-fixa/fic-oab-rf-credito-privado-longo-prazo,Não
RENDA FIXA,CAIXA FIC FIF OBJETIVO PRE RF LP RESP LTDA,CAIXA FIC FIF OBJETIVO PRE RF LP RESP LTDA,27/06/2012,"3,39717000","0,042","1,05","6,59","11,58","125,700",PF,PF | PJ,https://www.caixa.gov.br/fundos-investimento/renda-fixa/fic-objetivo-pre-rf-longo-prazo/Paginas/default.aspx,Não
RENDA FIXA,CAIXA FIC FIF EXECUTIVO RF LP RESP LTDA,CAIXA FIC FIF EXECUTIVO RF LP RESP LTDA,02/09/1996,"33,68825500","0,054","0,90","8,58","13,67","2.207,873",PF,PF | PJ | TODOS,https://www.caixa.gov.br/fundos-investimento/renda-fixa/fic-executivo-rf-longo-prazo,Não
RENDA FIXA,CAIXA FIC RELACIONAMENTO IDEAL RF LP,CAIXA FIC RELACIONAMENTO IDEAL RF LP,16/04/2012,"3,39621300","0,054","0,90","8,59","13,69","12,990",PF,PF | TODOS,https://www.caixa.gov.br/fundos-investimento/renda-fixa/fic-relacionamento-ideal-rf-longo-prazo,Não
RENDA FIXA,CAIXA FIC FIF PERFORMANCE IMA-B RF LP RESP LTDA,CAIXA FIC FIF PERFORMANCE IMA-B RF LP RESP LTDA,02/05/2012,"3,40026600","0,001","1,79","6,69","10,85","64,687",PF,PF | PJ,https://www.caixa.gov.br/fundos-investimento/renda-fixa/fic-performance-ima-b-renda-fixa-longo-prazo/Paginas/default.aspx,Não
RENDA FIXA,CAIXA FIC FIFINVESTIDOR RF LP RESP LTDA,CAIXA FIC FIFINVESTIDOR RF LP RESP LTDA,01/06/1999,"19,57386500","0,053","0,92","8,81","14,05","965,174",PF,PF | PJ | TODOS,https://www.caixa.gov.br/fundos-investimento/renda-fixa/fic-investidor-rf-longo-prazo,Não
RENDA FIXA,CAIXA FIF FIC EXPERT SULAMERICA RF CRED PRIV LP - RESP LTDA,CAIXA FIF FIC EXPERT SULAMERICA RF CRED PRIV LP - RESP LTDA,26/11/2024,"1,27770800","-0,001","0,92","9,09","14,49","74,292",PF,PF | PJ | RPPS,https://www.caixa.gov.br/fundos-investimento/renda-fixa/debentures-incentivadas/caixa-expert-vinland-debenture-incentivado/Paginas/default.aspx,Não
RENDA FIXA,CAIXA EXPERT ARX IPCA DEB INCENTIVADAS FIC FIF RF CRED PRIV - RESP LTDA,CAIXA EXPERT ARX IPCA DEB INCENTIVADAS FIC FIF RF CRED PRIV - RESP LTDA,01/07/2025,"1,14150439","-0,029","1,13","5,82","9,76","200,088",PF,PF,https://www.caixa.gov.br/fundos-investimento/renda-fixa/debentures-incentivadas/caixa-expert-arx-ipca-deb-incentivadas-rf-cred-priv-lp/Paginas/default.aspx,Não
RENDA FIXA,CAIXA EXPERT ABSOLUTE CRETA FIC FIF RF CRED PRIV LP - RESP LTDA,CAIXA EXPERT ABSOLUTE CRETA FIC FIF RF CRED PRIV LP - RESP LTDA,26/03/2025,"1,20697500","-0,001","0,91","8,69","14,06","64,816",PF,PF | PJ | RPPS,,Não
RENDA FIXA,CAIXA EXPERT RB ASSET CDI DEB INCENTIVADAS FIC FIF RF CRED PRIV RESP LTDA (2),CAIXA EXPERT RB ASSET CDI DEB INCENTIVADAS FIC FIF RF CRED PRIV RESP LTDA (2),15/10/2025,"1,10461193","-0,001","0,47","6,90","0,00","309,202",PF,PF,https://www.caixa.gov.br/fundos-investimento/renda-fixa/debentures-incentivadas/caixa-expert-rb-asset-deb-incentivadas-cdi-rf-cred-priv/Paginas/default.aspx,Não
RENDA FIXA,CAIXA FIC FIF UNIQUE RF CRED PRIV LP - RL,CAIXA FIC FIF UNIQUE RF CRED PRIV LP - RL,31/07/2024,"1,30794500","0,060","0,99","9,34","14,92","476,724",PF,PF,https://www.caixa.gov.br/fundos-investimento/renda-fixa/caixa-fic-unique-private-cred-priv-lp/Paginas/default.aspx,Não
RENDA FIXA,CAIXA FIC FIF PLUS QUALI RF CREDI PRIV LP RESP LTDA,CAIXA FIC FIF PLUS QUALI RF CREDI PRIV LP RESP LTDA,21/01/2021,"1.887,39242800","0,056","0,97","9,22","14,73","182,043",PF,PF | PJ,https://www.caixa.gov.br/fundos-investimento/renda-fixa/fic-plus-qualificado-rf-credito-privado-longo-prazo/Paginas/default.aspx,Não
RENDA FIXA,CAIXA FIF INFLACAO PRIVATE 2027 RF LONGO PRAZO,CAIXA FIF INFLACAO PRIVATE 2027 RF LONGO PRAZO,15/08/2024,"1,23568100","-0,016","1,34","9,95","14,55","41,054",PF,PF | PJ,https://www.caixa.gov.br/fundos-investimento/renda-fixa/caixa-fif-inflacao-2027/Paginas/default.aspx,Não
RENDA FIXA,CAIXA FIC FIF EXPERTISE RF CRED PRIV LP RESP LTDA,CAIXA FIC FIF EXPERTISE RF CRED PRIV LP RESP LTDA,02/07/2009,"5,09291700","0,059","0,97","9,18","14,65","3.428,835",PF,PF | PJ | TODOS,https://www.caixa.gov.br/fundos-investimento/renda-fixa/fic-expertise-rf-credito-privado-longo-prazo,Não
RENDA FIXA,CAIXA EXPERT VINLAND DEB IN INFRA RF CRED PRIV LP RESP LTDA (2) (3),CAIXA EXPERT VINLAND DEB IN INFRA RF CRED PRIV LP RESP LTDA (2) (3),08/04/2026,-,-,-,-,-,-,PF,PF,,Não
RENDA FIXA,CAIXA FIF FIDELIDADE PRIVATE RF LP - RESP LTDA,CAIXA FIF FIDELIDADE PRIVATE RF LP - RESP LTDA,02/07/2008,"5,68219200","0,064","0,97","9,25","14,75","567,214",PF,PF,https://www.caixa.gov.br/fundos-investimento/renda-fixa/fi-fidelidade-private-rf-longo-prazo/Paginas/default.aspx,Não
RENDA FIXA,CAIXA FIC FIF ESPECIAL RF LP RESP LTDA,CAIXA FIC FIF ESPECIAL RF LP RESP LTDA,25/08/2003,"10,90751400","0,054","0,95","9,12","14,55","2.432,155",PF,PF | PJ,https://www.caixa.gov.br/fundos-investimento/renda-fixa/fic-especial-rf-longo-prazo/Paginas/default.aspx,Não
RENDA FIXA,CAIXA EXPERT VOX DESENV SUSTENTAVEL IS RF CRED PRIV LP - RESP LTDA (2),CAIXA EXPERT VOX DESENV SUSTENTAVEL IS RF CRED PRIV LP - RESP LTDA (2),14/11/2025,"1,06987000","-0,001","0,89","9,10","0,00","22,317",PF,PF | PJ,,Não
RENDA FIXA,CAIXA FIF QUALIFICADO RF CRED PRIV LP - RESP LTDA,CAIXA FIF QUALIFICADO RF CRED PRIV LP - RESP LTDA,01/06/2009,"5,29338400","0,069","0,98","9,18","14,67","855,763",PF,PF | PJ,https://www.caixa.gov.br/fundos-investimento/renda-fixa/caixa-fic-plus-qualificado-rf-credito-privado-lp/Paginas/default.aspx,Não
RENDA FIXA,CAIXA FIC FIF SELEÇÃO RF RESP LTDA,CAIXA FIC FIF SELECAO RF RESP LTDA,01/10/2003,"30,02027600","0,046","0,84","8,25","28,76","21,476",PF,PF | TODOS,https://www.caixa.gov.br/fundos-investimento/renda-fixa/fic-selecao-rf-longo-prazo,Não
RENDA FIXA,CAIXA INDEXA TESOURO SELIC FIC FIF RF LP - RESP LTDA,CAIXA INDEXA TESOURO SELIC FIC FIF RF LP - RESP LTDA,26/12/2013,"3,31728200","0,051","0,94","9,16","14,59","656,253",PF,PF,https://www.caixa.gov.br/fundos-investimento/voce/renda-fixa/pos-fixados/ate-100.000/caixa-fic-indexa-tesouro-selic-renda-fixa-lp,Não
RENDA FIXA,CAIXA FIC FIF RENDA FIXA ATIVA LP RESP LTDA,CAIXA FIC FIF RENDA FIXA ATIVA LP RESP LTDA,22/04/2020,"1.818,34501700","0,054","0,91","7,95","13,00","119,333",PF,PF | PJ,https://www.caixa.gov.br/fundos-investimento/renda-fixa/caixa-fic-renda-fixa-ativa-lp/Paginas/default.aspx,Não
RENDA FIXA,CAIXA FIC FIF PERSONAL RF LP RESP LTDA,CAIXA FIC FIF PERSONAL RF LP RESP LTDA,03/11/1997,"31,50233200","0,054","0,94","8,99","14,34","3.138,096",PF,GOV | PF | PJ | TODOS,https://www.caixa.gov.br/fundos-investimento/renda-fixa/fic-personal-rf-longo-prazo,Não
RENDA FIXA,CAIXA FIC FIF SUPREMO RF LP RESP LTDA,CAIXA FIC FIF SUPREMO RF LP RESP LTDA,04/07/2006,"6,36566100","0,053","0,92","8,83","14,09","122,749",PF,PF | TODOS,https://www.caixa.gov.br/fundos-investimento/renda-fixa/fic-supremo-rf-longo-prazo,Não
RENDA FIXA,CAIXA FIC FIF MAXI RENDA FIXA CRED PRIV LP - RESP LTDA,CAIXA FIC FIF MAXI RENDA FIXA CRED PRIV LP - RESP LTDA,04/03/2013,"3,67659800","0,060","0,98","9,32","14,88","16.626,830",PF,PF | PJ,https://www.caixa.gov.br/fundos-investimento/renda-fixa/fic-maxi-rf-credito-privado-longo-prazo/Paginas/default.aspx,Não
RENDA FIXA,CAIXA FIF FIDELIDADE II RF CRÉD PRIV LP,CAIXA FIF FIDELIDADE II RF CRED PRIV LP,03/06/2009,"5,46607700","0,070","1,01","9,41","15,04","1.505,831",PF,PF | PJ,https://www.caixa.gov.br/fundos-investimento/renda-fixa/fi-fidelidade-ii-rf-credito-privado-longo-prazo/Paginas/default.aspx,Não
RENDA FIXA REFERENCIADO,CAIXA FIC FIF BETA RF REF DI LP RESP LTDA,CAIXA FIC FIF BETA RF REF DI LP RESP LTDA,02/10/1995,"31,12637500","0,046","0,83","8,17","13,03","167,689",PF,PF | TODOS,https://www.caixa.gov.br/fundos-investimento/referenciados/fic-beta-ref-di-lp,Não
RENDA FIXA REFERENCIADO,CAIXA SIGMA FUNCIONARIOS FIC FIF RF REF DI LP - RESP LTDA (2) (3),CAIXA SIGMA FUNCIONARIOS FIC FIF RF REF DI LP - RESP LTDA (2) (3),08/04/2026,-,-,-,-,-,-,PF,PF,,Não
RENDA FIXA REFERENCIADO,CAIXA FIC FIF PLENO REF DI LP RESP LTDA,CAIXA FIC FIF PLENO REF DI LP RESP LTDA,14/06/2010,"3,70916100","0,059","0,93","8,90","14,19","2.296,965",PF,PF | PJ | TODOS,https://www.caixa.gov.br/fundos-investimento/referenciados/fic-pleno-ref-di-longo-prazo,Não
RENDA FIXA REFERENCIADO,CAIXA FIC FIF GIRO IMEDIATO RF REF DI LP RESP LTDA,CAIXA FIC FIF GIRO IMEDIATO RF REF DI LP RESP LTDA,03/06/2013,"2,88145000","0,045","0,82","8,06","12,85","6.056,874",PF,PF | TODOS,https://www.caixa.gov.br/fundos-investimento/referenciados/fic-giro-imediato-ref-di-longo-prazo,Não
RENDA FIXA REFERENCIADO,CAIXA FIC OMEGA REF DI RF LONGO PRAZO,CAIXA FIC OMEGA REF DI RF LONGO PRAZO,13/05/2024,"1,32834200","0,051","0,93","9,10","14,52","70,461",PF,PF,https://www.caixa.gov.br/fundos-investimento/referenciados/fic-omega-ref-di-longo-prazo/Paginas/default.aspx,Não
RENDA FIXA REFERENCIADO,CAIXA FIC FIF TOP PRIVATE RF REF DI LP RESP LTDA,CAIXA FIC FIF TOP PRIVATE RF REF DI LP RESP LTDA,05/05/2014,"3,28268500","0,061","0,97","9,28","14,82","14.488,083",PF,PF | RPPS,https://www.caixa.gov.br/fundos-investimento/referenciados/fic-top-private-ref-di-longo-prazo/Paginas/default.aspx,Não
RENDA FIXA REFERENCIADO,CAIXA FIC FIF PREFERENCIAL REF DI LP RESP LTDA,CAIXA FIC FIF PREFERENCIAL REF DI LP RESP LTDA,01/10/2003,"9,96700300","0,059","0,94","8,96","14,30","825,159",PF,PF | TODOS,https://www.caixa.gov.br/fundos-investimento/referenciados/fic-preferencial-ref-di-longo-prazo,Não
RENDA FIXA REFERENCIADO,CAIXA FIC FIF SIGMA RF REF DI LP RESP LTDA,CAIXA FIC FIF SIGMA RF REF DI LP RESP LTDA,01/12/2009,"4,58535200","0,050","0,92","8,99","14,35","17.186,980",PF,GOV | PF | PJ | TODOS,https://www.caixa.gov.br/fundos-investimento/referenciados/fic-sigma-ref-di-longo-prazo,Não
RENDA FIXA REFERENCIADO,CAIXA FIC FIF MEGA RF REFERENC DI LONGO PRAZO - RESP LTDA,CAIXA FIC FIF MEGA RF REFERENC DI LONGO PRAZO - RESP LTDA,03/02/2009,"5,25393000","0,059","0,96","9,20","14,69","23.105,535",PF,PF | PJ,https://www.caixa.gov.br/fundos-investimento/referenciados/fic-mega-ref-di-longo-prazo/Paginas/default.aspx,Não
RENDA FIXA REFERENCIADO,CAIXA FIC FIF RUBI RF REF DI LP RESP LTDA,CAIXA FIC FIF RUBI RF REF DI LP RESP LTDA,15/07/2009,"4,91666600","0,060","0,96","9,18","14,65","9.758,163",PF,GOV | PF | PJ | TODOS,https://www.caixa.gov.br/fundos-investimento/referenciados/fic-rubi-ref-di-longo-prazo/Paginas/default.aspx,Não
RENDA FIXA CURTO PRAZO,CAIXA FIC FIF RENDA FIXA CURTO PRAZO RESP LTDA (8),CAIXA FIC FIF RENDA FIXA CURTO PRAZO RESP LTDA (8),14/12/2020,"1.778,84388300","0,049","0,89","8,77","14,02","283,673",PF,PF | PJ,https://www.caixa.gov.br/fundos-investimento/curto-prazo/fic-automatico-polis-rf-cp/Paginas/default.aspx,Não
MULTIMERCADO,CAIXA FIC FIF FOF SMART CRED PRIV MM LP RESP LTDA,CAIXA FIC FIF FOF SMART CRED PRIV MM LP RESP LTDA,30/08/2023,"1,45835000","0,000","0,86","8,92","14,32","65,247",PF,PF | PJ,https://www.caixa.gov.br/fundos-investimento/multimercado/fic-fof-smart-credito-privado-multimercado-longo-prazo/Paginas/default.aspx,Não
MULTIMERCADO,CAIXA FIF MULTIMERCADO RV 30 LP RESP LTDA,CAIXA FIF MULTIMERCADO RV 30 LP RESP LTDA,20/06/2000,"12,89308600","0,022","0,19","8,61","17,18","540,035",PF,PF | PJ | RPPS | TODOS,https://www.caixa.gov.br/fundos-investimento/multimercado/fi-multimercado-rv30-longo-prazo,Não
MULTIMERCADO,CAIXA FIC FIF ESTRATÉGIA LIVRE MULTIMERCADO LP RESP LTDA,CAIXA FIC FIF ESTRATEGIA LIVRE MULTIMERCADO LP RESP LTDA,21/10/2019,"1.679,62725400","0,021","0,87","7,19","12,41","113,176",PF,PF | PJ | TODOS,https://www.caixa.gov.br/fundos-investimento/multimercado/estrategia-livre-mm-lp,Não
MULTIMERCADO,CAIXA FIF INDEXA SHORT DOLAR MM LP RESP LTDA,CAIXA FIF INDEXA SHORT DOLAR MM LP RESP LTDA,26/10/2020,"2.489,15406200","-0,037","-0,10","21,18","28,83","13,917",PF,GOV | PF | PJ | RPPS,https://www.caixa.gov.br/fundos-investimento/multimercado/caixa-fi-indexa-short-dolar-mult-lp/Paginas/default.aspx,Não
MULTIMERCADO,CAIXA CARTEIRA QUANT DUO FIC FIF MM LP RESP LTDA (2) (3),CAIXA CARTEIRA QUANT DUO FIC FIF MM LP RESP LTDA (2) (3),07/04/2026,-,-,-,-,-,-,PF,PF | PJ,,Não
MULTIMERCADO,CAIXA FIC FIF FOF SMART LONG SHORT LP RESP LTDA,CAIXA FIC FIF FOF SMART LONG SHORT LP RESP LTDA,18/07/2023,"1,27467500","-0,005","0,63","4,36","10,08","5,191",PF,PF | PJ,https://www.caixa.gov.br/fundos-investimento/multimercado/caixa-fic-fof-smart-long-short-mm/Paginas/default.aspx,Não
MULTIMERCADO,CAIXA FIC LONG BIAS MM,CAIXA FIC LONG BIAS MM,01/04/2024,"1,09915000","-0,205","-2,39","-5,20","12,52","3,327",PF,PF | PJ,https://www.caixa.gov.br/fundos-investimento/multimercado/caixa-fic-fof-smart-long-bias-mm/Paginas/default.aspx,Não
MULTIMERCADO,CAIXA CARTEIRA QUANT QUALI FIC FIF MM LP RESP LTDA (2) (3),CAIXA CARTEIRA QUANT QUALI FIC FIF MM LP RESP LTDA (2) (3),07/04/2026,-,-,-,-,-,-,PF,PF | PJ,,Não
MULTIMERCADO,CAIXA FIC FIF FOF SMART LONG BIAS MM RESP LTDA,CAIXA FIC FIF FOF SMART LONG BIAS MM RESP LTDA,18/07/2023,"1,39419500","-0,005","0,61","2,13","12,96","11,193",PF,PF | PJ,https://www.caixa.gov.br/fundos-investimento/multimercado/caixa-fic-fof-smart-long-bias-mm/Paginas/default.aspx,Não
MULTIMERCADO,CAIXA CARTEIRA QUANT UNO FIC FIF MM LP RESP LTDA (2) (3),CAIXA CARTEIRA QUANT UNO FIC FIF MM LP RESP LTDA (2) (3),07/04/2026,-,-,-,-,-,-,PF,PF | PJ,,Não
MULTIMERCADO,CAIXA FIF INDEXA EURO MM LONGO PRAZO RESP LTDA,CAIXA FIF INDEXA EURO MM LONGO PRAZO RESP LTDA,01/04/2024,"1,13758200","-0,069","2,61","-5,64","-3,52","3,387",PF,GOV | PF | PJ | RPPS,https://www.caixa.gov.br/fundos-investimento/multimercado/fi-euro-multimercado-longo-prazo/Paginas/default.aspx,Não
MULTIMERCADO,CAIXA FIC FIF ESTRATÉGICO MULTIMERCADO LP RESP LTDA,CAIXA FIC FIF ESTRATEGICO MULTIMERCADO LP RESP LTDA,10/04/2006,"5,49010603","0,011","0,86","6,99","12,34","32,813",PF,PF | PJ | TODOS,https://www.caixa.gov.br/fundos-investimento/multimercado/fic-estrategico-multimercado-longo-prazo,Não
MULTIMERCADO,CAIXA FIC MULTIGESTOR GLOBAL EQUITIES IE,CAIXA FIC MULTIGESTOR GLOBAL EQUITIES IE,11/11/2020,"1.271,55209400","-0,003","3,96","1,33","4,86","38,205",PF,PF | PJ | RPPS | TODOS,https://www.caixa.gov.br/fundos-investimento/multimercado/caixa-multigestor-global-equities-invest-ext/Paginas/default.aspx,Não
MULTIMERCADO,CAIXA FIF INDEXA OURO MULTIMERCADO LP RESP LTDA,CAIXA FIF INDEXA OURO MULTIMERCADO LP RESP LTDA,15/02/2013,"4,90363500","-0,801","14,18","10,36","43,36","565,190",PF,PF | RPPS | TODOS,https://www.caixa.gov.br/fundos-investimento/multimercado/fi-ouro-multimercado-longo-prazo,Não
MULTIMERCADO,CAIXA FIC FIF FOF SMART MULTIESTRATEGIA MM RESP LTDA,CAIXA FIC FIF FOF SMART MULTIESTRATEGIA MM RESP LTDA,09/06/2014,"2,90213400","-0,004","1,43","3,90","9,34","69,864",PF,PF | PJ | TODOS,https://www.caixa.gov.br/fundos-investimento/multimercado/fic-multigestor,Não
MULTIMERCADO,CAIXA FIC FIF HEDGE MULTIMERCADO LONGO PRAZO RESP LTDA,CAIXA FIC FIF HEDGE MULTIMERCADO LONGO PRAZO RESP LTDA,26/10/2020,"1.723,55042900","0,104","0,56","9,40","13,31","30,794",PF,GOV | PF | PJ | RPPS | TODOS,https://www.caixa.gov.br/fundos-investimento/multimercado/caixa-fic-hedge-multimercado-lp/Paginas/default.aspx,Não
MULTIMERCADO,CAIXA FIF INDEXA BOLSA AMERICANA MM LP RESP LTDA,CAIXA FIF INDEXA BOLSA AMERICANA MM LP RESP LTDA,16/10/2018,"3,95521800","0,009","3,10","17,57","29,27","2.445,433",PF,GOV | PF | PJ | RPPS | TODOS,https://www.caixa.gov.br/fundos-investimento/multimercado/fi-bolsa-americana-multimercado-lp,Não
MULTIMERCADO,CAIXA FIC FIF JUROS E MOEDAS MM PLUS LP RESP LTDA,CAIXA FIC FIF JUROS E MOEDAS MM PLUS LP RESP LTDA,05/03/2018,"1,95499200","0,043","0,83","7,54","12,31","20,567",PF,PF | PJ | TODOS,https://www.caixa.gov.br/fundos-investimento/multimercado/caixa-fic-juros-e-moedas-multimercado-plus-lp/,Não
MULTIMERCADO,CAIXA FIC FIF FUNCIONARIOS ESTRATEGIA LIVRE MULTIMERCADO LP RESP LTDA,CAIXA FIC FIF FUNCIONARIOS ESTRATEGIA LIVRE MULTIMERCADO LP RESP LTDA,06/07/2020,"1.704,79799000","0,024","0,92","7,79","13,39","14,250",PF,PF,,Não
MULTIMERCADO,CAIXA FIC FIF ALOCAÇÃO MACRO MM LONGO PRAZO RESP LTDA,CAIXA FIC FIF ALOCACAO MACRO MM LONGO PRAZO RESP LTDA,01/02/2007,"5,78210500","0,040","0,82","8,51","14,08","898,845",PF,PF | PJ | RPPS | TODOS,https://www.caixa.gov.br/fundos-investimento/multimercado/fic-alocacao-macro-multimercado-longo-prazo/,Não
MULTIMERCADO,CAIXA HASHDEX NASDAQ CRYPTO INDEX FIC FIF MM RESP LTDA (2),CAIXA HASHDEX NASDAQ CRYPTO INDEX FIC FIF MM RESP LTDA (2),07/10/2025,"0,57865084","-0,005","26,92","-19,86","0,00","4,651",PF,PF | PJ,,Não
MULTIMERCADO,CAIXA FIC FIF JUROS E MOEDAS MM LP RESP LTDA,CAIXA FIC FIF JUROS E MOEDAS MM LP RESP LTDA,28/06/2012,"3,74957000","0,045","0,86","7,80","12,73","717,688",PF,PF | PJ | RPPS | TODOS,https://www.caixa.gov.br/fundos-investimento/multimercado/fi-juros-moedas-multimercado-longo-prazo,Não
MULTIMERCADO,CAIXA FIC FIF CAPITAL PROTEGIDO CESTA AGRO MM,CAIXA FIC FIF CAPITAL PROTEGIDO CESTA AGRO MM,04/07/2022,"1,43157300","-0,330","0,71","5,56","9,03","73,361",PF,GOV | PF | PJ | RPPS,https://www.caixa.gov.br/fundos-investimento/multimercado/caixa_fic_fim_cap_protegido_cesta_agro/Paginas/default.aspx,Não
MULTIMERCADO,CAIXA FIC FIM CAPITAL PROTEGIDO CICLICO II LP - RL,CAIXA FIC FIM CAPITAL PROTEGIDO CICLICO II LP - RL,18/07/2022,"1,52163900","0,048","0,87","5,22","11,78","197,296",PF,GOV | PF | PJ | RPPS,,Não
MULTIMERCADO,CAIXA CAPITAL PROTEGIDO IBOVESPA CÍCLICO I FIC FIF MM,CAIXA CAPITAL PROTEGIDO IBOVESPA CICLICO I FIC FIF MM,08/11/2011,"3,37895100","-0,019","0,26","6,05","9,14","160,934",PF,PF | TODOS,https://www.caixa.gov.br/fundos-investimento/multimercado/fic-capital-protegido-ibovespa-ciclico-1-multimercado,Não
MULTIMERCADO,CAIXA CAPITAL PROTEGIDO CÍCLICO III FIC FIF MM LP - RESP LTDA,CAIXA CAPITAL PROTEGIDO CICLICO III FIC FIF MM LP - RESP LTDA,10/01/2022,"1,59014800","0,003","0,87","6,49","22,90","14,980",PF,PF | PJ | RPPS,https://www.caixa.gov.br/fundos-investimento/multimercado/fic-capital-protegido-ciclico-iii-multimercado-lp/Paginas/default.aspx,Não
MULTIMERCADO,FIC FIF CAIXA EXPERT BTG PACTUAL X10 MM LP RESP LTDA,FIC FIF CAIXA EXPERT BTG PACTUAL X10 MM LP RESP LTDA,21/03/2013,"6,89616000","-0,004","0,58","7,22","13,90","125,700",PF,PF | PJ | TODOS,https://www.caixa.gov.br/fundos-investimento/multimercado/btg-pactual-x10-multimercado-longo-prazo/,Não
MULTIMERCADO,CAIXA FIC FIF EXPERT SPX NIMITZ MULTIMERCADO RESP LTDA,CAIXA FIC FIF EXPERT SPX NIMITZ MULTIMERCADO RESP LTDA,04/05/2020,"1,83269500","-0,001","1,62","3,74","9,60","170,625",PF,PF | PJ,https://www.caixa.gov.br/fundos-investimento/multimercado/fic-caixa-expert-spxmm/Paginas/default.aspx,Não
MULTIMERCADO,CAIXA FIC FIF EXPERT PIMCO INCOME IE MM LP RESP LTDA,CAIXA FIC FIF EXPERT PIMCO INCOME IE MM LP RESP LTDA,21/08/2023,"1,46216500","-0,003","1,87","6,13","12,91","283,330",PF,PF | PJ | RPPS,https://www.caixa.gov.br/fundos-investimento/multimercado/caixa-expert-pimco-income-ie-fic-multimercado/Paginas/default.aspx,Não
MULTIMERCADO,CAIXA EXPERT GIANT ZARATHUSTRA FIC MULTIMERCADO - RESP LTDA,CAIXA EXPERT GIANT ZARATHUSTRA FIC MULTIMERCADO - RESP LTDA,12/02/2021,"1,42021200","-0,001","2,88","10,65","9,99","12,674",PF,PF | PJ | TODOS,https://www.caixa.gov.br/fundos-investimento/multimercado/expert-giant-zarathustra-fic-multimercado,Não
CAMBIAL,CAIXA FIC FIF INDEXA DOLAR CAMBIAL RESP LTDA,CAIXA FIC FIF INDEXA DOLAR CAMBIAL RESP LTDA,27/06/2005,"3,87704400","0,133","1,80","-3,55","-0,99","96,552",PF,PF | PJ | TODOS,https://www.caixa.gov.br/fundos-investimento/cambiais/fic-cambial-dolar/Paginas/default.aspx,Não
ACOES,CAIXA ACOES QUANT LOW VOL FIC FIF ACOES RESP LTDA (2) (3),CAIXA ACOES QUANT LOW VOL FIC FIF ACOES RESP LTDA (2) (3),22/07/2026,-,-,-,-,-,-,PF,PF,https://www.caixa.gov.br/fundos-investimento/fundos-de-acoes/fic-fif-quantitativo-low-vol/Paginas/default.aspx,Não
ACOES,CAIXA FIC FIF ACOES COMPROMISSO BDR NIVEL I RESP LTDA,CAIXA FIC FIF ACOES COMPROMISSO BDR NIVEL I RESP LTDA,05/11/2021,"1,28955800","-0,331","2,43","6,56","20,81","3,903",PF,PF | PJ | RPPS,http://www.caixa.gov.br/fundos-investimento/fundos-de-acoes/FIA-Institucional-BDR-nivel-I/Paginas/default.aspx,Não
ACOES,CAIXA FIC FIF AÇÕES E-FUNDOS IBOVESPA RESP LTDA,CAIXA FIC FIF ACOES E-FUNDOS IBOVESPA RESP LTDA,05/10/2012,"2,59494400","0,002","-1,86","7,85","25,57","12,908",PF,GOV | PF | PJ,https://www.caixa.gov.br/fundos-investimento/fundos-de-acoes/fi-acoes-brasil-etf-bovespa/Paginas/default.aspx,Não
ACOES,CAIXA ATENA FIC FIF AÇÕES FUNCIONÁRIOS LIVRE QUANT RESP LTDA,CAIXA ATENA FIC FIF ACOES FUNCIONARIOS LIVRE QUANT RESP LTDA,06/07/2020,"1.831,24244500","-0,265","-2,68","-7,75","9,21","8,967",PF,PF,,Não
ACOES,CAIXA FIF AÇÕES BDR NÍVEL I RESP LTDA,CAIXA FIF ACOES BDR NIVEL I RESP LTDA,24/06/2013,"10,38420300","0,139","4,16","4,87","15,66","272,880",PF,PF | PJ | TODOS,https://www.caixa.gov.br/fundos-investimento/fundos-de-acoes/fi-acoes-bdr-nivel-1,Não
ACOES,CAIXA FIF AÇÕES SMALL CAPS ATIVO RESP LTDA,CAIXA FIF ACOES SMALL CAPS ATIVO RESP LTDA,01/11/2012,"1,36307200","-0,519","-2,80","-10,58","-3,57","407,596",PF,PF | PJ | TODOS,https://www.caixa.gov.br/fundos-investimento/fundos-de-acoes/fi-acoes-small-caps-ativo,Não
ACOES,CAIXA FIF AÇÕES CONSUMO RESP LTDA,CAIXA FIF ACOES CONSUMO RESP LTDA,26/04/2012,"1,04688300","-0,907","-1,58","-10,05","-2,03","51,709",PF,PF | PJ | TODOS,https://www.caixa.gov.br/fundos-investimento/fundos-de-acoes/fi-acoes-consumo,Não
ACOES,CAIXA FIF ACOES SUSTENTABILIDADE EMPRESARIAL ISE - IS RESP LTDA,CAIXA FIF ACOES SUSTENTABILIDADE EMPRESARIAL ISE - IS RESP LTDA,05/11/2007,"1,68430300","-0,171","-2,83","-1,18","9,61","2,005",PF,PF | PJ | TODOS,https://www.caixa.gov.br/fundos-investimento/fundos-de-acoes/fi-acoes-ise,Não
ACOES,CAIXA FIF ACOES PETROBRAS PLUS RESP LTDA,CAIXA FIF ACOES PETROBRAS PLUS RESP LTDA,28/06/2019,"4,61787300","-0,110","-3,63","46,64","48,47","75,711",PF,PF | PJ | TODOS,https://www.caixa.gov.br/fundos-investimento/fundos-de-acoes/fia-caixa-petrobras-plus/Paginas/default.aspx,Não
ACOES,CAIXA FIC FIF AÇÕES IBOVESPA RESP LTDA,CAIXA FIC FIF ACOES IBOVESPA RESP LTDA,15/01/1997,"8,67163900","-0,001","-1,95","7,10","24,24","87,033",PF,PF | PJ | TODOS,https://www.caixa.gov.br/fundos-investimento/fundos-de-acoes/fi-acoes-ibovespa,Não
ACOES,CAIXA FIC FIF AÇÕES MULTIGESTOR RESP LTDA,CAIXA FIC FIF ACOES MULTIGESTOR RESP LTDA,25/06/2019,"1,25546500","-0,037","-1,33","-2,45","8,30","280,212",PF,PF | PJ | RPPS | TODOS,https://www.caixa.gov.br/fundos-investimento/fundos-de-acoes/fic-fia-multigestor/Paginas/default.aspx,Não
ACOES,CAIXA FIF AÇÕES CONSTRUÇÃO CIVIL RESP LTDA,CAIXA FIF ACOES CONSTRUCAO CIVIL RESP LTDA,22/06/2009,"1,72622800","-1,419","1,12","-9,21","4,49","102,975",PF,PF | PJ | TODOS,https://www.caixa.gov.br/fundos-investimento/fundos-de-acoes/fi-acoes-construcao-civil,Não
ACOES,CAIXA FIF AÇÕES INFRAESTRUTURA RESP LTDA,CAIXA FIF ACOES INFRAESTRUTURA RESP LTDA,19/04/2010,"2,80604100","-0,108","-2,29","2,95","15,41","116,710",PF,PF | PJ | TODOS,https://www.caixa.gov.br/fundos-investimento/fundos-de-acoes/fi-acoes-infraestrutura,Não
ACOES,CAIXA ATENA FIC FIF AÇÕES LIVRE QUANT RESP LTDA,CAIXA ATENA FIC FIF ACOES LIVRE QUANT RESP LTDA,31/07/2019,"1,77487800","-0,267","-2,77","-8,39","7,99","46,250",PF,PF | PJ,,Não
ACOES,CAIXA FIF AÇÕES PETROBRAS PRÉ-SAL RESP LTDA,CAIXA FIF ACOES PETROBRAS PRE-SAL RESP LTDA,28/09/2010,"6,64501900","0,229","-1,43","41,67","47,39","119,582",PF,PF | PJ | TODOS,https://www.caixa.gov.br/fundos-investimento/fundos-de-acoes/fi-acoes-petrobras-pre-sal,Não
ACOES,CAIXA FIF ACOES BANCO DO BRASIL PLUS RESP LTDA,CAIXA FIF ACOES BANCO DO BRASIL PLUS RESP LTDA,23/10/2019,"1.228,87919400","-0,261","-8,63","-10,10","-3,31","39,808",PF,PF | PJ | RPPS,https://www.caixa.gov.br/fundos-investimento/fundos-de-acoes/Caixa-FI-Acoes-Banco-do-Brasil-Plus/Paginas/default.aspx,Não
ACOES,CAIXA FIF AÇÕES VALE DO RIO DOCE RESP LTDA,CAIXA FIF ACOES VALE DO RIO DOCE RESP LTDA,20/02/2002,"37,92074800","-0,316","5,34","9,76","48,52","645,777",PF,PF | PJ | TODOS,https://www.caixa.gov.br/fundos-investimento/fundos-de-acoes/fi-acoes-vale-rio-doce,Não
ACOES,CAIXA FIF ACOES SEGURIDADE RESP LTDA,CAIXA FIF ACOES SEGURIDADE RESP LTDA,03/05/2021,"2,96361400","0,361","-3,38","22,34","49,14","488,541",PF,GOV | PF | PJ,https://www.caixa.gov.br/fundos-investimento/fundos-de-acoes/fia-caixa-seguridade/Paginas/default.aspx,Não
ACOES,CAIXA FIF AÇÕES IBRX ATIVO RESP LTDA,CAIXA FIF ACOES IBRX ATIVO RESP LTDA,12/09/2005,"4,81954300","-0,183","0,38","7,39","25,03","23,074",PF,PF | PJ | TODOS,https://www.caixa.gov.br/fundos-investimento/fundos-de-acoes/fi-acoes-ibrx-ativo,Não
ACOES,CAIXA FIF ACOES INDEXA SETOR FINANCEIRO RESP LTDA,CAIXA FIF ACOES INDEXA SETOR FINANCEIRO RESP LTDA,26/01/2021,"1.505,26024300","0,259","-5,00","3,43","18,94","29,858",PF,GOV | PF | PJ | RPPS | TODOS,https://www.caixa.gov.br/fundos-investimento/fundos-de-acoes/caixa-fia-indexa-setor-financeiro/Paginas/default.aspx,Não
ACOES,CAIXA FIC FIF ACOES DIVIDENDOS QUANTITATIVO RESP LTDA,CAIXA FIC FIF ACOES DIVIDENDOS QUANTITATIVO RESP LTDA,02/09/2021,"1,90859200","-0,313","-1,26","-6,18","7,54","1,686",PF,PF | PJ,https://www.caixa.gov.br/fundos-investimento/fundos-de-acoes/fic-fia-dividendos-quantitativo/Paginas/default.aspx,Não
ACOES,CAIXA FIF ACOES INDEXA PIBB IBRX 50 RESP LTDA,CAIXA FIF ACOES INDEXA PIBB IBRX 50 RESP LTDA,12/09/2005,"5,87519900","-0,015","-1,71","9,21","27,70","42,722",PF,PF | PJ | TODOS,https://www.caixa.gov.br/fundos-investimento/fundos-de-acoes/fi-acoes-pibb-sem-opcao-de-venda,Não
ACOES,CAIXA FIF ACOES IBOVESPA ATIVO RESP LTDA,CAIXA FIF ACOES IBOVESPA ATIVO RESP LTDA,01/02/2007,"2,20389800","-0,127","-1,22","5,03","21,20","33,611",PF,PF | PJ | TODOS,https://www.caixa.gov.br/fundos-investimento/fundos-de-acoes/fi-acoes-ibovespa-ativo,Não
ACOES,CAIXA FIF AÇÕES PETROBRÁS RESP LTDA,CAIXA FIF ACOES PETROBRAS RESP LTDA,10/07/2000,"42,83426600","-0,110","-3,63","46,71","48,59","827,525",PF,PF | PJ | TODOS,https://www.caixa.gov.br/fundos-investimento/fundos-de-acoes/fi-acoes-petrobras,Não
ACOES,CAIXA SEGURIDADE II FIF ACOES - RESP LTDA,CAIXA SEGURIDADE II FIF ACOES - RESP LTDA,24/03/2025,"1,46496900","0,363","-3,27","22,34","49,09","19,697",PF,PF | PJ,https://www.caixa.gov.br/fundos-investimento/fundos-de-acoes/fia-caixa-seguridade/Paginas/default.aspx,Não
ACOES,CAIXA FIF ACOES ELETROBRAS RESP LTDA,CAIXA FIF ACOES ELETROBRAS RESP LTDA,30/05/2022,"1,80881000","-0,448","1,11","5,22","59,75","271,432",PF,PF | PJ | RPPS,https://www.caixa.gov.br/fundos-investimento/fundos-de-acoes/fia-caixa-eletrobras/Paginas/default.aspx,Não
ACOES,CAIXA FIF ACOES INDEXA IAGRO RESP LTDA,CAIXA FIF ACOES INDEXA IAGRO RESP LTDA,14/06/2022,"0,87778600","-0,706","2,93","-8,81","-7,59","2,762",PF,PF | PJ | RPPS,https://www.caixa.gov.br/fundos-investimento/fundos-de-acoes/fia-caixa-indexa-iagro/Paginas/default.aspx,Não
ACOES,CAIXA FIF AÇÕES DIVIDENDOS RESP LTDA,CAIXA FIF ACOES DIVIDENDOS RESP LTDA,03/10/2003,"6,70364800","0,148","-3,04","5,69","20,06","323,443",PF,PF | PJ | TODOS,https://www.caixa.gov.br/fundos-investimento/fundos-de-acoes/fi-acoes-dividendos,Não
ACOES,CAIXA EXPERT VERDE AM AÇÕES FIC FIF EM AÇÕES - RESP LTDA,CAIXA EXPERT VERDE AM ACOES FIC FIF EM ACOES - RESP LTDA,05/10/2020,"999,65114200","-0,003","-0,90","1,96","16,78","8,024",PF,PF | PJ | TODOS,https://www.caixa.gov.br/fundos-investimento/fundos-de-acoes/CAIXA-Expert-Verde-Am-Long-Bias-FIC-Acoes/Paginas/default.aspx,Não
ACOES,CAIXA EXPERT CLARITAS VALOR FIC FIF AÇÕES - RESP LTDA,CAIXA EXPERT CLARITAS VALOR FIC FIF ACOES - RESP LTDA,19/10/2020,"1.466,98708300","-0,002","-2,42","-1,92","9,60","21,085",PF,GOV | PF | PJ | RPPS | TODOS,https://www.caixa.gov.br/fundos-investimento/fundos-de-acoes/caixa-expert-claritas-valor-fic-acoes/Paginas/default.aspx,Não
FUNDO DE INDICE,CAIXA ETF IBOVESPA FUNDO DE ÍNDICE RESP LTDA,CAIXA ETF IBOVESPA FUNDO DE INDICE RESP LTDA,12/11/2012,"170,51994041","0,002","-1,81","8,21","26,23","17,053",PF,PF | TODOS,https://www.caixa.gov.br/fundos-investimento/fundos-de-indices/etf-ibovespa-fundo-de-indice/,Não
FUNDOS MUTUOS DE PRIVATIZACAO,CAIXA FMP-FGTS ELETROBRAS MIGRACAO,CAIXA FMP-FGTS ELETROBRAS MIGRACAO,09/06/2022,"1,84607200","-0,445","1,08","5,14","59,78","5,324",PF,PF,,Não
FUNDOS MUTUOS DE PRIVATIZACAO,CAIXA FMP-FGTS ELETROBRAS RESP LTDA,CAIXA FMP-FGTS ELETROBRAS RESP LTDA,14/06/2022,"1,80234400","-0,446","1,10","5,28","60,01","1.619,103",PF,PF,,Não
FUNDOS MUTUOS DE PRIVATIZACAO,CAIXA FMP-FGTS PETROBRÁS IV RESP LTDA,CAIXA FMP-FGTS PETROBRAS IV RESP LTDA,17/08/2000,"47,69980300","-0,107","-3,60","47,27","49,41","674,224",PF,PF,,Não
FUNDOS MUTUOS DE PRIVATIZACAO,CAIXA FMP-FGTS VALE RIO DOCE II RESP LTDA,CAIXA FMP-FGTS VALE RIO DOCE II RESP LTDA,27/03/2002,"42,06701400","-0,313","5,40","10,13","49,33","741,933",PF,PF,,Não
FUNDOS MUTUOS DE PRIVATIZACAO,CAIXA FMP-FGTS CL ABSOLUTO RESP LTDA,CAIXA FMP-FGTS CL ABSOLUTO RESP LTDA,24/08/2001,"15,65473700","-0,239","-3,68","-7,18","11,02","104,083",PF,PF,,Não
FUNDOS MUTUOS DE PRIVATIZACAO,CAIXA FMP-FGTS VALE RIO DOCE MIGRAÇÃO RESP LTDA,CAIXA FMP-FGTS VALE RIO DOCE MIGRACAO RESP LTDA,26/02/2002,"35,21200700","-0,315","5,31","9,73","48,31","11,953",PF,PF,,Não
FUNDOS MUTUOS DE PRIVATIZACAO,CAIXA FMP-FGTS PETROBRÁS II RESP LTDA,CAIXA FMP-FGTS PETROBRAS II RESP LTDA,17/08/2000,"42,11727400","-0,109","-3,62","46,90","48,80","581,461",PF,PF,,Não
FUNDOS MUTUOS DE PRIVATIZACAO,CAIXA FMP-FGTS VALE RIO DOCE I RESP LTDA,CAIXA FMP-FGTS VALE RIO DOCE I RESP LTDA,27/03/2002,"36,17664000","-0,316","5,36","9,78","48,57","447,265",PF,PF,,Não
FUNDOS MUTUOS DE PRIVATIZACAO,CAIXA FMP-FGTS PETROBRÁS III RESP LTDA,CAIXA FMP-FGTS PETROBRAS III RESP LTDA,17/08/2000,"44,79906400","-0,108","-3,61","47,11","49,10","663,062",PF,PF,,Não
RENDA FIXA SIMPLES,CAIXA AZULZINHA FIC FIF RF SIMPLES - RESP LTDA (8),CAIXA AZULZINHA FIC FIF RF SIMPLES - RESP LTDA (8),13/06/2025,"1,15547800","0,045","0,82","7,99","12,80","61,446",PJ,PJ,http://site.extra.caixa.gov.br/fundos-investimento/fundo-simples/fic-azulzinha-rf-simples/Paginas/default.aspx,Não
RENDA FIXA SIMPLES,CAIXA AUTOMATICO AMETISTA PJ FIC FIF RF SIMPLES RESP LTDA (8),CAIXA AUTOMATICO AMETISTA PJ FIC FIF RF SIMPLES RESP LTDA (8),12/07/2023,"1,39459800","0,045","0,82","8,06","12,87","350,890",PJ,PJ,,Não
RENDA FIXA,CAIXA FIC FIF EQUILIBRIO MPE RF LP RESP LTDA,CAIXA FIC FIF EQUILIBRIO MPE RF LP RESP LTDA,05/07/2006,"6,06208100","0,052","0,91","8,67","13,83","42,588",PJ,PJ | TODOS,https://www.caixa.gov.br/fundos-investimento/renda-fixa/caixa-equilibrio-mpe-rf-lp/,Não
RENDA FIXA,CAIXA FIF SAUDE SUPLEMENTAR ANS RF LP - RESP LTDA,CAIXA FIF SAUDE SUPLEMENTAR ANS RF LP - RESP LTDA,15/07/2008,"5,28021200","0,050","0,92","9,00","14,35","812,239",PJ,PJ | TODOS,https://www.caixa.gov.br/fundos-investimento/renda-fixa/fi-saude-suplementar-anf-rf,Não
RENDA FIXA,CAIXA FIC FIF TITULO PUBLICO MPE RF LP RESP LTDA,CAIXA FIC FIF TITULO PUBLICO MPE RF LP RESP LTDA,05/10/2012,"3,31479400","0,049","0,90","8,76","13,81","23,940",PJ,PJ | TODOS,https://www.caixa.gov.br/fundos-investimento/renda-fixa/caixa-fic-tp-mpe-rf-lp/,Não
RENDA FIXA,CAIXA FIC FIF PATRIMONIO IND.DE PRECOS RF LP RESP LTDA,CAIXA FIC FIF PATRIMONIO IND.DE PRECOS RF LP RESP LTDA,03/01/2000,"24,34345400","-0,012","1,07","8,73","12,97","95,503",PJ,PJ | TODOS,https://www.caixa.gov.br/fundos-investimento/renda-fixa/fic-patrimonio-indice-precos-rf-longo-prazo,Não
RENDA FIXA,CAIXA GIRO EMPRESAS FIC FIF RF REF DI LP RESP LTDA,CAIXA GIRO EMPRESAS FIC FIF RF REF DI LP RESP LTDA,27/03/2013,"3,37153500","0,049","0,90","8,82","14,09","7.969,501",PJ,PJ,https://www.caixa.gov.br/fundos-investimento/referenciados/fic-giro-empresas-ref-di-longo-prazo/Paginas/default.aspx,Não
RENDA FIXA,CAIXA FIF SAFIRA CORPORATIVO RF LP - RESP LTDA,CAIXA FIF SAFIRA CORPORATIVO RF LP - RESP LTDA,11/05/2009,"5,03015400","0,052","0,94","9,09","14,53","3.181,108",PJ,PJ,https://www.caixa.gov.br/fundos-investimento/renda-fixa/referenciados/fi-safira-corporativo-rf-lp,Não
RENDA FIXA,CAIXA FIF DIAMANTE CORP RF CRED PRIV LP - RESP LTDA,CAIXA FIF DIAMANTE CORP RF CRED PRIV LP - RESP LTDA,06/11/2019,"1.947,91240300","0,061","1,00","9,42","15,03","16.850,062",PJ,PJ | TODOS,https://www.caixa.gov.br/fundos-investimento/empresa/renda-fixa/credito-privado/caixa-fi-diamante-corporativo-rf-cred-priv-lp,Não
RENDA FIXA,CAIXA FIC INST SOBERANO PLUS RF (8),CAIXA FIC INST SOBERANO PLUS RF (8),21/10/2022,"1,59744437","0,051","0,94","9,12","14,57","368,237",PJ,PJ,https://www.caixa.gov.br/fundos-investimento/renda-fixa/fic-institucional-soberano-plus-rf-lp/Paginas/default.aspx,Não
RENDA FIXA,CAIXA FIF SAUDE SUPLEMENTAR ANS II RF LP - RESP LTDA,CAIXA FIF SAUDE SUPLEMENTAR ANS II RF LP - RESP LTDA,04/12/2008,"5,28516300","0,051","0,94","9,17","14,63","295,011",PJ,PJ | TODOS,https://www.caixa.gov.br/fundos-investimento/renda-fixa/fi-saude-suplementar-ans-ii-rf-longo-prazo,Não
RENDA FIXA,CAIXA FIF SEBRAE RF LP RESP LTDA,CAIXA FIF SEBRAE RF LP RESP LTDA,22/12/2000,"18,47362000","0,052","0,94","9,11","14,59","4.872,001",PJ,PJ | TODOS,https://www.caixa.gov.br/fundos-investimento/empresa/renda-fixa/fi-sebrae-rf-longo-prazo/Paginas/default.aspx,Não
RENDA FIXA,CAIXA FIF CNI RF LP - RESP LTDA,CAIXA FIF CNI RF LP - RESP LTDA,26/01/2005,"8,98076100","0,052","0,94","9,05","14,50","3.872,981",PJ,PJ | TODOS,https://www.caixa.gov.br/fundos-investimento/empresa/renda-fixa/fi-cni-rf-longo-prazo/Paginas/default.aspx,Não
RENDA FIXA REFERENCIADO,CAIXA BRASIL ESMERALDA FIC FIF RF REF DI CRED PRIV LONGO PRAZO RESP LTDA (2) (3),CAIXA BRASIL ESMERALDA FIC FIF RF REF DI CRED PRIV LONGO PRAZO RESP LTDA (2) (3),10/08/2026,-,-,-,-,-,-,PJ,PJ | RPPS,,Não
RENDA FIXA REFERENCIADO,CAIXA FIC FIF GIRO MPE REF DI LP RESP LTDA,CAIXA FIC FIF GIRO MPE REF DI LP RESP LTDA,09/09/2013,"2,90423000","0,046","0,84","8,20","13,08","14.106,929",PJ,PJ,https://www.caixa.gov.br/fundos-investimento/referenciados/fic-giro-mpe-ref-di-longo-prazo/Paginas/default.aspx,Não
RENDA FIXA REFERENCIADO,CAIXA FIC ESMERALDA CORP RF REF DI CRED PRIV LP - RESP LTDA,CAIXA FIC ESMERALDA CORP RF REF DI CRED PRIV LP - RESP LTDA,03/11/2023,"1,41818800","0,053","0,96","9,32","14,89","3.499,226",PJ,PJ,https://www.caixa.gov.br/fundos-investimento/referenciados/fic-esmeralda-corp-ref-di/Paginas/default.aspx,Não
RENDA FIXA REFERENCIADO,CAIXA FIF TOPAZIO CORP RF REFERENC DI - RESP LTDA,CAIXA FIF TOPAZIO CORP RF REFERENC DI - RESP LTDA,22/06/2010,"4,56747900","0,051","0,94","9,18","14,66","16.268,068",PJ,GOV | PJ | RPPS,https://www.caixa.gov.br/fundos-investimento/renda-fixa/referenciados/fic-topazio-rf-ref-di-lp/Paginas/default.aspx,Não
RENDA FIXA CURTO PRAZO,CAIXA FIC FIF TURQUESA CORPORATIVO RF CP RESP LTDA (8),CAIXA FIC FIF TURQUESA CORPORATIVO RF CP RESP LTDA (8),01/10/2020,"1.827,45099200","0,051","0,92","9,05","14,47","1.431,462",PJ,PJ | TODOS,https://www.caixa.gov.br/fundos-investimento/voce/renda-fixa/fic-turquesa-corporativo-curto-prazo,Não
RENDA FIXA CURTO PRAZO,CAIXA FIC FIF AUTOMATICO POLIS RF CURTO PRAZO RESP LTDA (8),CAIXA FIC FIF AUTOMATICO POLIS RF CURTO PRAZO RESP LTDA (8),13/06/2023,"1,34100100","0,041","0,75","7,35","11,65","34.548,731",GOV,GOV,https://www.caixa.gov.br/fundos-investimento/curto-prazo/fic-automatico-polis-rf-cp/Paginas/default.aspx,Não
RENDA FIXA CURTO PRAZO,CAIXA FIC FIF PRÁTICO RF CURTO PRAZO RESP LTDA (8),CAIXA FIC FIF PRATICO RF CURTO PRAZO RESP LTDA (8),02/10/1995,"9,65884800","0,044","0,81","7,90","12,54","2.855,483",GOV,GOV | TODOS,https://www.caixa.gov.br/fundos-investimento/curto-prazo/fic-pratico-curto-prazo,Não
RENDA FIXA CURTO PRAZO,CAIXA FIC FIF TRANSFERÊNCIA VOLUNTÁRIA RF CP RESP LTDA (8),CAIXA FIC FIF TRANSFERENCIA VOLUNTARIA RF CP RESP LTDA (8),16/10/2012,"2,54358400","0,044","0,80","7,89","12,51","17.885,198",GOV,GOV | TODOS,https://www.caixa.gov.br/fundos-investimento/curto-prazo/fic-transferencias-voluntarias-curto-prazo,Não
RENDA FIXA,CAIXA FIF BRASIL MATRIZ RF RESP LTDA,CAIXA FIF BRASIL MATRIZ RF RESP LTDA,17/12/2015,"2,68956100","0,058","0,97","9,21","14,68","8.830,615",RPPS,RPPS,https://www.caixa.gov.br/fundos-investimento/renda-fixa/fi-brasil-matriz-rf/Paginas/default.aspx,Não
RENDA FIXA,CAIXA FI BRASIL IRF-M 1+ TP RF LP,CAIXA FI BRASIL IRF-M 1+ TP RF LP,11/05/2012,"3,86184100","0,042","1,13","6,19","11,37","614,116",RPPS,RPPS | TODOS,https://www.caixa.gov.br/fundos-investimento/renda-fixa/fi-brasil-irfm-1-titulos-publicos-rf-longo-prazo/,Não
RENDA FIXA,CAIXA FIF BRASIL TITULOS PUBLICOS RF LP - RESP LTDA,CAIXA FIF BRASIL TITULOS PUBLICOS RF LP - RESP LTDA,10/02/2006,"7,39390800","0,051","0,93","9,05","14,46","12.770,824",RPPS,RPPS | TODOS,https://www.caixa.gov.br/fundos-investimento/renda-fixa/fi-brasil-titulos-publicos-rf-longo-prazo,Não
RENDA FIXA,CAIXA FIF ALIANÇA TP RF CURTO PRAZO - RESP LTDA,CAIXA FIF ALIANCA TP RF CURTO PRAZO - RESP LTDA,01/11/2005,"7,72199100","0,050","0,92","8,99","14,38","3.854,143",RPPS,RPPS | TODOS,https://www.caixa.gov.br/fundos-investimento/renda-fixa/fic-alianca-rf,Não
RENDA FIXA,CAIXA FIC FIF BRASIL IDKA PRE 2A RF LP RESP LTDA,CAIXA FIC FIF BRASIL IDKA PRE 2A RF LP RESP LTDA,21/09/2022,"1,49049100","0,014","0,91","6,89","11,86","160,039",RPPS,RPPS,https://www.caixa.gov.br/fundos-investimento/renda-fixa/fic-caixa-brasil-idka-pre2a-rf-lp/Paginas/default.aspx,Não
RENDA FIXA,CAIXA FI BRASIL IRF-M 1 TP RF,CAIXA FI BRASIL IRF-M 1 TP RF,28/05/2010,"4,62271700","0,049","0,96","8,94","14,28","11.964,484",RPPS,RPPS | TODOS,https://www.caixa.gov.br/fundos-investimento/renda-fixa/fi-brasil-irfm-1-titulos-publicos-rf,Não
RENDA FIXA,CAIXA FIF BRASIL IDKA IPCA 2A TIT PUB RF LP RESP LTDA,CAIXA FIF BRASIL IDKA IPCA 2A TIT PUB RF LP RESP LTDA,16/08/2012,"3,90908100","-0,012","1,13","8,59","13,02","3.135,377",RPPS,RPPS | TODOS,https://www.caixa.gov.br/fundos-investimento/renda-fixa/fi-brasil-idka-ipca-2a-rf-longo-prazo,Não
RENDA FIXA,CAIXA FIF BRASIL IRF-M TP RF LP - RESP LTDA,CAIXA FIF BRASIL IRF-M TP RF LP - RESP LTDA,16/08/2012,"3,73197200","0,044","1,08","6,90","12,10","1.641,544",RPPS,RPPS | TODOS,https://www.caixa.gov.br/fundos-investimento/renda-fixa/brasil-irf-m-titulos-publicos-renda-fixa-longo-prazo,Não
RENDA FIXA,CAIXA FIC FIF BRASIL GESTÃO ESTRATÉGICA RF RESP LTDA,CAIXA FIC FIF BRASIL GESTAO ESTRATEGICA RF RESP LTDA,04/11/2016,"2,46555100","0,033","0,89","7,05","11,98","3.356,605",RPPS,RPPS | TODOS,https://www.caixa.gov.br/fundos-investimento/renda-fixa/caixa-fic-brasil-gestao-estrategica-rf,Não
RENDA FIXA,CAIXA BRASIL INFLAÇÃO ATIVA FIF RF CRED PRIV RESP LTDA,CAIXA BRASIL INFLACAO ATIVA FIF RF CRED PRIV RESP LTDA,17/04/2015,"3,05623400","-0,009","1,07","8,37","12,68","37,068",RPPS,RPPS | TODOS,https://www.caixa.gov.br/fundos-investimento/renda-fixa/brasil-IPCA,Não
RENDA FIXA,CAIXA FIC FIF BRASIL RENDA FIXA ATIVA LP RESP LTDA,CAIXA FIC FIF BRASIL RENDA FIXA ATIVA LP RESP LTDA,15/04/2020,"1.687,84203200","0,048","0,92","7,54","12,53","448,816",RPPS,RPPS,https://www.caixa.gov.br/fundos-investimento/renda-fixa/brasil-IPCA/Paginas/default.aspx,Não
RENDA FIXA,CAIXA FI BRASIL IMA-B TP RF LP,CAIXA FI BRASIL IMA-B TP RF LP,08/03/2010,"5,25156100","-0,027","1,80","6,80","11,14","2.335,745",RPPS,RPPS | TODOS,https://www.caixa.gov.br/fundos-investimento/renda-fixa/fi-brasil-ima-b-titulos-rf-longo-prazo,Não
RENDA FIXA,CAIXA FIF BRASIL IMA-B 5 TP RF LP - RESP LTDA,CAIXA FIF BRASIL IMA-B 5 TP RF LP - RESP LTDA,09/07/2010,"5,31256800","-0,015","1,12","8,82","13,12","5.658,784",RPPS,RPPS | TODOS,https://www.caixa.gov.br/fundos-investimento/renda-fixa/fi-brasil-ima-b-5-titulos-publicos-rf-longo-prazo,Não
RENDA FIXA,CAIXA FIF BRASIL IMA GERAL TP RF LP - RESP LTDA,CAIXA FIF BRASIL IMA GERAL TP RF LP - RESP LTDA,08/07/2010,"4,87727400","0,034","1,16","8,05","13,16","480,092",RPPS,RPPS | TODOS,https://www.caixa.gov.br/fundos-investimento/renda-fixa/fi-brasil-ima-geral-tp-rf-longo-prazo,Não
RENDA FIXA,CAIXA FIF RS TITULOS PUBLICOS RF LP - RESP LTDA,CAIXA FIF RS TITULOS PUBLICOS RF LP - RESP LTDA,18/07/2005,"8,19048400","0,052","0,93","9,00","14,39","164,942",RPPS,RPPS | TODOS,https://www.caixa.gov.br/fundos-investimento/renda-fixa/fi-rs-titulos-publicos-rf-longo-prazo,Não
RENDA FIXA,CAIXA FIF BRASIL IMA-B 5+ TP RF LP - RESP LTDA,CAIXA FIF BRASIL IMA-B 5+ TP RF LP - RESP LTDA,18/04/2012,"3,50845000","-0,030","2,28","5,16","9,50","700,022",RPPS,RPPS | TODOS,https://www.caixa.gov.br/fundos-investimento/renda-fixa/fi-brasil-ima-b-5_mais-titulos-publicos-rf-lp/Paginas/default.aspx,Não
RENDA FIXA,CAIXA FIC FIF BRASIL DISPONIBILIDADES SIMPLES RF RESP LTDA,CAIXA FIC FIF BRASIL DISPONIBILIDADES SIMPLES RF RESP LTDA,30/08/2012,"3,23061700","0,048","0,87","8,52","13,55","2.142,287",RPPS,RPPS | TODOS,https://www.caixa.gov.br/fundos-investimento/renda-fixa/brasil-disponibilidades,Não
RENDA FIXA,CAIXA BRASIL 2030 SEM CUPOM TP FIF RF - RESP LTDA (2) (3),CAIXA BRASIL 2030 SEM CUPOM TP FIF RF - RESP LTDA (2) (3),25/08/2026,-,-,-,-,-,-,RPPS,RPPS,,Não
RENDA FIXA,CAIXA BRASIL 2028 SEM CUPOM TP FIF RF - RESP LTDA (2) (3),CAIXA BRASIL 2028 SEM CUPOM TP FIF RF - RESP LTDA (2) (3),25/08/2026,-,-,-,-,-,-,RPPS,RPPS,,Não
RENDA FIXA,CAIXA BRASIL 2031 SEM CUPOM TP FIF RF RESP LTDA (2) (3),CAIXA BRASIL 2031 SEM CUPOM TP FIF RF RESP LTDA (2) (3),25/08/2026,-,-,-,-,-,-,RPPS,RPPS,,Não
RENDA FIXA,CAIXA BRASIL 2029 SEM CUPOM TP FIF RF - RL (2) (3),CAIXA BRASIL 2029 SEM CUPOM TP FIF RF - RL (2) (3),26/08/2026,-,-,-,-,-,-,RPPS,RPPS,,Não
RENDA FIXA REFERENCIADO,CAIXA FIC FIF BRASIL RF REFER DI LONGO PRAZO RESP LTDA,CAIXA FIC FIF BRASIL RF REFER DI LONGO PRAZO RESP LTDA,05/07/2006,"6,93335700","0,061","0,97","9,24","14,74","22.777,410",RPPS,RPPS | TODOS,https://www.caixa.gov.br/fundos-investimento/referenciados/fi-brasil-ref-di-longo-prazo,Não
RENDA FIXA REFERENCIADO,CAIXA FIC FIF NOVO BRASIL RF IMA-B LP RESP LTDA,CAIXA FIC FIF NOVO BRASIL RF IMA-B LP RESP LTDA,27/10/2009,"5,63069200","0,004","1,84","7,12","11,55","586,637",RPPS,RPPS | TODOS,https://www.caixa.gov.br/fundos-investimento/renda-fixa/fic-novo-brasil-ima-b-rf-longo-prazo,Não
MULTIMERCADO,CAIXA FIC FIF BRASIL ESTRATÉGIA LIVRE MM LP RESP LTDA (1),CAIXA FIC FIF BRASIL ESTRATEGIA LIVRE MM LP RESP LTDA (1),21/10/2019,-,-,-,-,-,-,RPPS,RPPS,https://www.caixa.gov.br/fundos-investimento/multimercado/estrategia-livre-mm-lp/Paginas/default.aspx,Não
ACOES,CAIXA FIF AÇOES BRASIL IBOVESPA RESP LTDA,CAIXA FIF ACOES BRASIL IBOVESPA RESP LTDA,29/07/2011,"3,91601000","0,004","-1,86","8,15","26,18","287,697",RPPS,RPPS | TODOS,https://www.caixa.gov.br/fundos-investimento/fundos-de-acoes/fi-acoes-brasil-ibovespa/Paginas/default.aspx,Não
ACOES,CAIXA FIF AÇÕES BRASIL ETF IBOVESPA RESP LTDA,CAIXA FIF ACOES BRASIL ETF IBOVESPA RESP LTDA,27/11/2012,"3,59889700","-0,041","-1,81","7,94","25,73","7,501",RPPS,RPPS | TODOS,https://www.caixa.gov.br/fundos-investimento/fundos-de-acoes/fi-acoes-brasil-etf-bovespa,Não
ACOES,CAIXA FIF AÇÕES INSTITUCIONAL BDR NIVEL I RESP LTDA,CAIXA FIF ACOES INSTITUCIONAL BDR NIVEL I RESP LTDA,24/06/2013,"11,66159705","0,142","4,22","5,37","16,58","2.343,717",RPPS,RPPS | TODOS,https://www.caixa.gov.br/fundos-investimento/fundos-de-acoes/FIA-Institucional-BDR-nivel-I/Paginas/default.aspx,Não
ACOES,CAIXA FIF ACOES BRASIL IBX-50 RESP LTDA,CAIXA FIF ACOES BRASIL IBX-50 RESP LTDA,18/02/2008,"2,00617900","-0,112","-1,65","5,84","21,39","196,036",RPPS,RPPS | TODOS,https://www.caixa.gov.br/fundos-investimento/fundos-de-acoes/fi-acoes-brasil-ibx-50,Não
ACOES,CAIXA ATENA FIC FIF AÇÕES BRASIL LIVRE QUANT RESP LTDA,CAIXA ATENA FIC FIF ACOES BRASIL LIVRE QUANT RESP LTDA,31/07/2019,"1,89919300","-0,268","-2,78","-8,39","8,01","700,644",RPPS,RPPS,,Não
ACOES,CAIXA FIC ACOES EXPERT VINCI VALOR DIVIDENDOS RPPS RESP LTDA,CAIXA FIC ACOES EXPERT VINCI VALOR DIVIDENDOS RPPS RESP LTDA,23/08/2012,"3,44278703","-0,034","-2,31","5,82","19,25","1.304,962",RPPS,RPPS | TODOS,https://www.caixa.gov.br/fundos-investimento/rpps/caixa-fic-acoes-vinci-valor-dividendos-rpps,Não
ACOES,CAIXA FIC ACOES EXPERT VINCI VALOR RPPS RESP LTDA,CAIXA FIC ACOES EXPERT VINCI VALOR RPPS RESP LTDA,12/12/2011,"2,47105012","-0,180","-2,06","4,54","19,92","755,376",RPPS,RPPS | TODOS,https://www.caixa.gov.br/fundos-investimento/rpps/caixa-fic-acoes-vinci-valor-rpps,Não
RENDA FIXA,CAIXA FIF EXTRAMERCADO COMUM IRFM-1 RF RESP LTDA,CAIXA FIF EXTRAMERCADO COMUM IRFM-1 RF RESP LTDA,13/02/2012,"3,86786000","0,048","0,99","8,93","14,29","4.759,513",TODOS,TODOS,https://www.caixa.gov.br/fundos-investimento/renda-fixa/fi-extramercado-comum-irfm-1-rf/Paginas/default.aspx,Não
